user_id,contact_type,text
969844,1,thirisra.bunyalai@github.com
807448,1,sini.thnomkunputn@github.com
477099,1,rokiyo.twanyiam@github.com
315601,1,pilakt.thotyotin@github.com
800302,1,opat.naeophna@github.com
494825,1,onphin.thaisuchat@github.com
762974,1,amphon.photisat@github.com
218570,1,paenng.ratmni@github.com
182694,1,knknetn.bunbamnung@github.com
662662,1,pnatit.ulatsa@github.com
243189,1,sommon.kumanbun@github.com
245989,1,konphon.datphan@github.com
363646,1,phtaiิt.naksuthin@github.com
760373,1,chnichatn.thupom@github.com
162851,1,thitaphon.khiaoon@github.com
622439,1,intni.bunyalai@github.com
776366,1,phimphitna.bunbamnung@github.com
655930,1,kiantikong.thaptimthai@github.com
213875,1,duangtan.thampnatu@github.com
689667,1,phonchnk.nimtham@github.com
584705,1,nattpn.nathaphintu@github.com
562233,1,bunthian.kumanbun@github.com
381922,1,ulaiphon.yangsuai@github.com
944543,1,suphatrida.nuttar@github.com
418591,1,sunni.natkhayi@github.com
642246,1,supaphon.chanon@github.com
622867,1,suttiph.thnomphon@github.com
539970,1,phitsini.thungngoen@github.com
426300,1,thaptim.tinakhom@github.com
672878,1,thonphon.namthat@github.com
796746,1,smtai.duangton@github.com
639175,1,natya.duniphan@github.com
172958,1,bunpha.inansani@github.com
928885,1,chitnnta.tantnachin@github.com
923272,1,siriket.thnatrakta@github.com
246897,1,chiraphon.nawamandon@github.com
222136,1,sinwat.tantnut@github.com
386497,1,mattika.pansuan@github.com
655374,1,thitikun.taekun@github.com
616707,1,natpn.nueanum@github.com
195453,1,chatnpnia.thaemthon@github.com
915422,1,phimpnapa.snitaan@github.com
673649,1,natta.sniun@github.com
611697,1,chittanan.tangrop@github.com
588090,1,natya.tanphao@github.com
299453,1,ratan.khamenok@github.com
646480,1,sinikan.wiangchanthuek@github.com
601689,1,snaiุt.nakknk@github.com
500673,1,stina.thuansni@github.com
903443,1,phinaiphon.thongsukloet@github.com
477746,1,li.chatnpithiangkham@github.com
961104,1,tison.thatnsutti@github.com
753675,1,nipa.thinsat@github.com
254301,1,lisa.phnpun@github.com
631194,1,titya.thiarayan@github.com
865618,1,laktmi.photisat@github.com
868442,1,bunthian.khamlue@github.com
945128,1,chinpatta.phankena@github.com
412117,1,nipa.thidet@github.com
794048,1,mliwan.nokthong@github.com
338715,1,sinikan.pnitakunsent@github.com
244826,1,sopnita.phataskun@github.com
159628,1,phitsini.yapaloit@github.com
689864,1,kesra.thnomphonknang@github.com
860984,1,wonsat.napnueangno@github.com
825129,1,manot.chumwra@github.com
573816,1,ketra.thaptimthai@github.com
212634,1,rntthon.thongu@github.com
669597,1,finya.nimtham@github.com
368996,1,ptikan.tanaphat@github.com
377424,1,stina.thakoengchot@github.com
255372,1,phimpkan.tnakunmairiang@github.com
852303,1,phimsuta.nruephai@github.com
573780,1,la.phnpun@github.com
959304,1,kitiyathon.tanstit@github.com
457004,1,namphetn.disotnai@github.com
376135,1,natpn.dapngoen@github.com
579051,1,chitnnta.sioะwonwet@github.com
244596,1,sinsmutn.thainim@github.com
552191,1,phonchiin.datu@github.com
420175,1,pannwatn.nispnapan@github.com
853583,1,onchira.thnatrakta@github.com
957387,1,suphasin.thnapthamrong@github.com
594507,1,chinchuta.thnomkunputn@github.com
557703,1,nantwan.thanthae@github.com
748054,1,titya.nuanpheng@github.com
166767,1,natta.thnommnut@github.com
142900,1,siththan.thumabu@github.com
148192,1,nitnan.thaonratn@github.com
672618,1,wsita.tangrop@github.com
979660,1,nnikan.duttiwnit@github.com
330505,1,ninant.khiaoon@github.com
874810,1,nop.chaitaeng@github.com
481288,1,phipitthon.photisat@github.com
751098,1,phitsini.sniphet็t@github.com
858447,1,phonpnani.duangton@github.com
692832,1,thitiyaphon.thanthae@github.com
414734,1,siriket.tnaibap@github.com
313970,1,pnawi.thupom@github.com
910137,1,phasuk.datphan@github.com
811811,1,thaptim.tangrop@github.com
150812,1,thonkit.thongsin@github.com
991848,1,laktnap.thaichaio@github.com
838307,1,phongnnet.tnakunmairiang@github.com
579178,1,kunpnia.bunyaphat@github.com
653121,1,kitiyathon.thnapsan@github.com
348629,1,duangtmn.dapphet@github.com
466803,1,somphit.thuansni@github.com
411780,1,nuni.naksamruat@github.com
328361,1,phanppn.thnatrop@github.com
248496,1,phadila.nimsamruat@github.com
599779,1,khnpn.thikha@github.com
946452,1,thonnon.tangkunngam@github.com
846907,1,latda.nuanpheng@github.com
582716,1,wanchnk.bunyalai@github.com
506303,1,sopa.thaonratn@github.com
554123,1,phimsuta.snithnawet@github.com
542798,1,kadirat.sanaphan@github.com
775527,1,thitaphon.thonpnatip@github.com
352921,1,kham.ninwimn@github.com
368687,1,phasuk.duangthaptim@github.com
734675,1,nantwuti.thmpat@github.com
262378,1,chiraphon.thnataktn@github.com
855693,1,mattika.tnakunmairiang@github.com
968661,1,nawin.twanyiam@github.com
566015,1,natsak.thnimmat@github.com
870753,1,siraphon.thuwanu@github.com
251506,1,snanchit.chanon@github.com
791043,1,masito.ditkapnakai@github.com
218307,1,wanya.attnat@github.com
705283,1,stina.thainim@github.com
939003,1,chantna.temiyadet@github.com
652569,1,phari.tinrat@github.com
654501,1,witian.watha@github.com
638619,1,chatcha.chaipha@github.com
636573,1,phinphat.thmpat@github.com
636960,1,kham.nakknk@github.com
340632,1,wannisa.phankena@github.com
683875,1,bunthioา.thampnatu@github.com
307657,1,wankon.bunasap@github.com
262439,1,phankena.thongu@github.com
742676,1,channanunai.yangsuai@github.com
243403,1,pnaphatn.nokthong@github.com
464392,1,srinya.ditkapnakai@github.com
422251,1,nuwat.bunyaphitn@github.com
316454,1,chantna.naksamruat@github.com
675994,1,yothika.thnapthamrong@github.com
613040,1,chonrpn.sonthong@github.com
770681,1,thitwanา.bunyaphat@github.com
757906,1,rokiyo.susaro@github.com
435354,1,phimsuta.ninsuwan@github.com
130897,1,sopa.duniphan@github.com
402912,1,nnawan.nknthep@github.com
404454,1,ampai.wiangchanthuek@github.com
329537,2,ratpruek.buaphuean@bnitat.gov.br
652805,2,smtai.thawrawon@anguntuantamkat.net
184352,2,pnmin.namkham@bnitat.gov.br
838213,2,sunkan.bunsong@spapnaengnganphankena.net
503297,2,nisra.nruethuk@bnitat.net.br
969844,2,thirisra.bunyalai@chk.thongsukloetbnikan.net
350156,2,ninant.thongnueadi@bnitat.com.br
141277,2,witian.thnatattkam@chmnmsantawong.org
132273,2,nariman.thatnsutti@anguntuantamkat.net.br
415271,2,pphaorin.nispnapan@bnitat.gov
881491,2,wnani.ninwan@smakmtanphao.net
864972,2,metni.natkhayi@anguntuantaman.com.br
807448,2,sini.thnomkunputn@bnitat.gov.br
328684,2,phtnpn.thnimmat@bnitat.net
325374,2,yusup.nuanchi@bnitat.net
546625,2,siriya.attnat@anguntuantaman.org.br
673757,2,nopwan.sniun@bmt.thaenthong.org.br
117595,2,theotsak.thnomkunputn@anguntuantamkat.org
477099,2,rokiyo.twanyiam@botk.nakwong.net
950185,2,yulin.khamenok@temiyadetenchinianing.org.br
959970,2,thonkit.thaemthon@sn.wiangchanthuek.org.br
754430,2,phanthep.tanya@bnitat.gov.br
864642,2,wonnad.namkham@bnitat.com
527562,2,thomlopronn.ninwimn@botk.omphikun.gov
664839,2,chiryutt.nokthong@sioะwonwetlaekhomanknang.net.br
658740,2,niwiltan.thanathon@anguntuantamkat.gov
315601,2,pilakt.thotyotin@bnitat.gov.br
675687,2,nattiya.chanon@nopkhtenkhemikon.gov
587632,2,phari.butda@anguntuantaman.com.br
225855,2,chutanat.naeophna@nemnikhemikon.com.br
780660,2,rmita.phiraphenkun@bnitat.com.br
866909,2,hamiya.damrichop@bnitat.org
784515,2,pnawi.thiarayan@bnitat.org
673947,2,chakipat.datu@pnatantasenkantang.com.br
335853,2,ynngknan.thnimmat@bnitat.gov
785203,2,stikan.songpnatenit@namkham-thnimmat.net
222603,2,titya.tinrat@bnitat.org
167017,2,sopnita.decha@munnitithin.gov
576975,2,mliwan.phnmon@anguntuantaman.org
541101,2,phakchanna.thaptimthai@bnitat.net
795462,2,chaiknang.thammeta@anguntuantamkat.net
791038,2,winchai.thnapthamrong@bnitat.org.br
211613,2,phatnnad.thanthae@bmt.yapaloitanaiyon.org
741156,2,phatwi.ratmni@anguntuantamkat.net.br
800302,2,opat.naeophna@bnitat.org.br
457314,2,chutaphon.thawrayut@bnitat.com.br
310613,2,laktnap.omphikun@spapnaengnganpnatantasen.org.br
501264,2,winchai.thainim@bmt.bunyalai.gov.br
447142,2,niwat.thnatkankian@chk.nuttarkanpanti.gov.br
168428,2,pnatit.tanphao@thuanchaiwituakam.org
494825,2,onphin.thaisuchat@bnitat.gov.br
583988,2,snanchit.thonglap@botk.thamthinnakhommioniketan.gov.br
941881,2,natpicha.thupawino@botk.dapphet.com
994928,2,phiraphongphan.maitaeng@botk.thongsiphnai.org.br
762974,2,amphon.photisat@thin-nuanpheng.org.br
355789,2,nattiya.thampnatu@munnitithnngkomn.com.br
206899,2,chnita.thainim@bnitat.org.br
760801,2,wonpnat.omphikun@chk.thaonratnkhemikon.net
600694,2,komn.thnatknueng@bnitat.com
817517,2,kitichai.unok@namkhambnikan.com
542528,2,nattiya.duangthaptim@chk.dapphetkantang.net.br
328594,2,ahamat.tinakhom@bnitat.org
218570,2,paenng.ratmni@anguntuantaman.gov.br
686026,2,phonchiin.thaemthon@anguntuantaman.com.br
795583,2,kowit.nispnapan@bnitat.net.br
468449,2,khmkai.thuanchai@anguntuantamkat.net.br
382369,2,thitiyaphon.phonsima@smakmthikha.net
182363,2,wonrnat.ulatsa@anguntuantamkat.org
182694,2,knknetn.bunbamnung@bnitat.gov
865005,2,pninna.nuanchi@thanathonimpotektpot.com
662662,2,pnatit.ulatsa@bnitat.com
299988,2,muammatimron.nemni@bnitat.gov.br
884279,2,wamuammat.ninwimn@anguntuantaman.gov.br
359531,2,bunthian.ditkapnakai@bnitat.com.br
243189,2,sommon.kumanbun@thanyukwitkan.org.br
623813,2,kaemphaen.tantnachin@chk.khomanknanglaebutn.net
423700,2,nnawan.tantnachin@bnitat.gov.br
387124,2,stina.thnomphon@chk.thnimmat.gov
245989,2,konphon.datphan@bnitat.net.br
319985,2,wonrnat.thnomkunputn@bnitat.net
713285,2,yotmaen.tniphenin@bnitat.gov.br
363646,2,phtaiิt.naksuthin@bnitat.org.br
831164,2,chnongchai.thonglap@sioะwonwet-sonthong.org
485359,2,piwa.namtip@smakmthnapthamrong.com.br
625212,2,latda.ninwan@khiaoonkonkan.net.br
312571,2,rttkn.phongchpapnpa@botk.ninsnuaenteonphair.net.br
167146,2,thinlakt.photisat@munnitibunson.gov.br
978124,2,anchan.tanstit@anguntuantamkat.org
512107,2,daruni.thidet@bnitat.net.br
342671,2,sumatya.nuttar@chmnmpnatantasen.com.br
591856,2,channanunai.duttiwnit@anguntuantamkat.com.br
183422,2,snota.thaisuchat@smakmnitisaka.org
119754,2,nuchni.thongsin@anguntuantaman.net
603532,2,rosida.thotyotin@thanาpotlaeromthitirat.org.br
159696,2,pilakt.ninahani@bnitat.org
595206,2,anthika.ninsnua@chk.taekunenchinianing.gov.br
677919,2,phinaiphon.bunyaphat@tanphaosappnai.gov.br
875707,2,kongsin.thnatphimpkan@bnitat.org
742922,2,nupan.nuanpheng@bnitat.org
753449,2,niwiltan.snitaan@anguntuantamkat.gov
692518,2,khiao.maitaeng@bnitat.org
271517,2,asuema.khamenok@bnitat.com
367384,2,pin.thupawino@anguntuantamkat.org.br
570830,2,wamuammat.nimtham@anguntuantaman.org
164176,2,wonrnat.phiraphenkun@bnitat.org.br
760373,2,chnichatn.thupom@anguntuantaman.org
598202,2,smtai.phuphakti@inansanikanka.net.br
816820,2,phura.khundam@bnitat.net.br
224552,2,pnaphatn.thnomphon@dapphetlaebunasap.gov
162851,2,thitaphon.khiaoon@bnitat.org.br
111141,2,pattphong.nunsuk@bnitat.gov
833140,2,nattpn.thongu@bindieyensi.net
496636,2,meta.sniwong@bnitat.gov.br
694059,2,nuchni.bindi@bnitat.org.br
540525,2,sopn.chamnanwat@nkntheplaethanthae.gov
284374,2,bunkoet.naendutpom@bnitat.gov.br
155493,2,metni.lekaphan@bnitat.gov.br
742017,2,yusonon.naknp@anguntuantamkat.gov.br
133334,2,aaeso.ninahani@bnitat.net.br
622439,2,intni.bunyalai@bnitat.org
600583,2,kainrung.nutnaeonum@botk.dapphetkhommioniketan.org
197389,2,pianan.kaeochonkhnam@anguntuantamkat.com
878467,2,theotsak.romthitirat@anguntuantamkat.com.br
962561,2,nuni.thamnim@anguntuantamkat.org.br
393747,2,chlida.bunatirna@anguntuantaman.net
889306,2,sini.naknaen@anguntuantamkat.com
448266,2,phanppn.thaithae@bnitat.net.br
343642,2,stina.thnatknueng@smakmthanาpot.gov.br
247995,2,thongrat.naksuthin@bmt.snitaan.net.br
776366,2,phimphitna.bunbamnung@bmt.namsewotr.com.br
544236,2,chittanan.tinrat@bnitat.org
393163,2,phitsini.thanาpot@chk.numkan.net
512935,2,suraida.sniun@temiyadet-songpnatenit.net.br
618076,2,nariman.yapha@botk.thnngkomnkhntng.com
201438,2,saisuni.naeophna@smakmtnatu.com.br
655930,2,kiantikong.thaptimthai@botk.sioะwonwetfoenitching.org
456393,2,phitphan.nuanchi@bnitat.gov.br
644105,2,phinpha.thnommnut@bnitat.gov
613610,2,rani.namthat@bnitat.com.br
918304,2,phutt.numkan@bnitat.com.br
133281,2,anchista.khamlue@bnitat.com
213875,2,duangtan.thampnatu@bmt.thongpaknamkhntng.org
689667,2,phonchnk.nimtham@chk.sniunphapn.com
126455,2,thimaphon.thuanthong@thnatattkam-thnatphata.org.br
351929,2,thongsini.ninahani@chk.saikitsappnai.net
796029,2,chrinthip.wakhiman@bnitat.gov.br
382692,2,nuni.mueangsuk@smakmsniphet็t.org
584705,2,nattpn.nathaphintu@thuansnikhompiotoe.com
663703,2,phatrawut.ninsnua@botk.khomanknangkantang.net
764538,2,thimaphon.omphikun@bnitat.com
489471,2,ptm.naeophnit@bnitat.net
536304,2,mnancha.yapha@botk.nimsiam.gov
762736,2,chestapn.thnatkanyon@munnitithongsukloet.net
458980,2,phura.tangkunngam@chk.thamthinna.org
320884,2,kritpn.thaonratn@anguntuantamkat.net.br
562233,2,bunthian.kumanbun@smakmbutda.gov
170458,2,mliwan.tanstit@bmt.kaeochonkhnam.net
634706,2,khemchira.chatnpithiangkham@bnitat.gov
436327,2,phinaiphon.decha@bnitat.org.br
186936,2,sphakchokng.tantnut@chk.attnat.net
381922,2,ulaiphon.yangsuai@bnitat.com.br
556848,2,pinad.chapphanthonkur@khamlueanaiyon.org
571468,2,chim.thnomphon@thnakannaksamruatkhommioniketan.net
895062,2,kitiyathon.thatnsutti@chk.naendutpomaensan.net.br
698740,2,khmkai.daonam@pnitakunsent-napnueangno.com.br
843081,2,sinikan.tnikhnuthphan@chk.kaeochonkhnamwituakam.com
436768,2,phimsuta.thamstitphtaiาn@bnitat.com
551759,2,pphaorin.sonthong@nispnapanlaetuangthong.gov
944543,2,suphatrida.nuttar@bmt.ditphan.gov.br
763006,2,pnatoem.nathaphintu@bnitat.gov.br
359633,2,mliwan.thampnatu@thnakanthuanthonglaephuean.org
587177,2,farini.detkhum@bnitat.com.br
242205,2,chutanat.omsin@anguntuantamkat.com
418591,2,sunni.natkhayi@bnitat.com.br
985313,2,chenimphon.mueangsuk@chaitaenglaethnapthamrong.org
560738,2,thantaan.thongsukloet@bnitat.net
642246,2,supaphon.chanon@bnitat.gov
546216,2,thimaphon.thakoengchot@anguntuantamkat.org
828761,2,phitsini.decha@thnapsarpanit.gov
187150,2,chaknchai.wuttyakon@chk.nakphan.gov
729791,2,mniya.ratmni@bnitat.com.br
731086,2,phonphumi.nispnapan@smakmattnat.com
674228,2,nantwuti.phiraphenkun@daonamott.org.br
173725,2,thantaan.nueangnon@botk.thnapthamrongyann.gov.br
718042,2,phongnnet.ninsena@munnitinuanpheng.org.br
837555,2,kitikan.tnatu@anguntuantamkat.net
112094,2,chnongchai.naknp@bnitat.net.br
159964,2,anthika.thongthae@anguntuantamkat.org
137940,2,sinilatda.lekaphan@sniphet็tbatupa.org
599136,2,latda.bindi@bnitat.com
622867,2,suttiph.thnomphon@munnitiditphan.com.br
489997,2,sopn.thonglap@botk.santawongenchinianing.gov.br
417471,2,nuni.thuwanu@bnitat.org
142035,2,phatrawut.chapphanthonkur@bnitat.gov
142627,2,chonrpn.chatnpithiangkham@techakamphulaesonthong.com
899879,2,phntuaan.thnatphimpkan@thnakanthnataoุt.com.br
881054,2,thirisra.noptnakun@chk.thongpnadit.gov.br
247879,2,nittet.temiyadet@bnitat.gov
618917,2,supnani.thongpnadit@bnitat.com
522622,2,yotphon.thaemthon@bnitat.net.br
838998,2,chilapn.inansani@anguntuantamkat.net
262599,2,marini.thaenthong@chmnmnruephai.com.br
588585,2,channanunai.unok@anguntuantaman.gov
824109,2,sinsmutn.thnapsan@snisatphapn.com
220660,2,nuchni.thnatdoenkhao@bnitat.gov
539970,2,phitsini.thungngoen@bnitat.com.br
599387,2,yotphong.ninsena@bnitat.net.br
211931,2,naoีta.photisat@anguntuantaman.net
614508,2,wannp.ulatsa@bunatirnamotoe.org.br
987779,2,chatnpnia.bindi@anguntuantaman.com
643370,2,latda.sonthong@bnitat.org.br
426300,2,thaptim.tinakhom@spapnaengnganbunyalai.com.br
204411,2,chestapn.thnommnut@chk.loetking.gov.br
413368,2,thonnon.khnanurak@bnitat.com.br
552079,2,suchin.phiraphenkun@bnitat.com
873538,2,phatwi.thnatattkam@munnitichaitaeng.com.br
601421,2,mattika.susaro@chk.khamenokaensan.gov
775878,2,phanini.namsewotr@spapnaengngannuanchi.org.br
318106,2,necha.buaphuean@techakamphukhonsotraktan.net
672878,2,thonphon.namthat@bnitat.gov.br
796746,2,smtai.duangton@bnitat.com.br
724873,2,srayutt.wiangchanthuek@anguntuantaman.com
153785,2,pinad.thansetin@smakmchumwra.org.br
309915,2,metni.dapngoen@anguntuantamkat.gov
468431,2,parita.thnatkankian@bnitat.net
686773,2,stitn.tnatu@khanthulakhonsotraktan.net.br
854947,2,asuema.tnikhnuthphan@botk.thnapthamrong.org
470473,2,siriket.thamnim@anguntuantamkat.net.br
399324,2,kesra.noptnakun@bmt.thidetintoenetannaen.com
834483,2,sphakchokng.khamlue@smakmnopkhten.gov.br
530834,2,rttkn.phiaya@munnitisasum.gov.br
146078,2,suchin.damrichop@bunatirnaott.com
851420,2,siriya.phongchpapnpa@anguntuantamkat.net
165894,2,anphat.bunatirna@bnitat.net
639175,2,natya.duniphan@chmnmnamtip.gov
274112,2,supaphon.thanthae@bnitat.com
252460,2,thomlopronn.nawamandon@anguntuantamkat.net.br
168945,2,witan.nanain@thnomkunputnlaebutn.gov.br
317626,2,sinikan.nknthep@bmt.thnataoุt.net
907841,2,rmita.ninsuwan@chk.naknp.gov.br
348339,2,chatcha.winatini@spapnaengnganwiangchanthuek.org
534042,2,phinpha.thnimmat@bnitat.gov
891175,2,witian.bunatirna@bnitat.net
378035,2,wonrnat.thin@anguntuantamkat.gov
504692,2,wondaphon.daoknatai@anguntuantaman.org
129735,2,rokiyo.thnatrakta@bnitat.org.br
875330,2,kang.nilathat@bnitat.gov
275250,2,nantwan.satsin@chk.thonglap.net.br
393702,2,titya.photisat@inansani-thnatkankian.org
795467,2,pninna.pansuan@ninsuwansโ.net.br
191259,2,chaknirat.temiyadet@botk.phataskunbnikan.com.br
331629,2,aknphon.nokthong@bnitat.net.br
642901,2,khemchira.sniun@thawrawonlaephuean.com.br
501121,2,rosida.thaptimthai@chk.thikha.net.br
373496,2,sunkan.thanathon@smakmlekaphan.com.br
479456,2,ratpruek.nueanum@bnitat.org
986065,2,wisuta.thatnsutti@bmt.namtipphanit.net.br
337415,2,phuttiphong.naknp@chk.thnngkomn.net
410002,2,chnita.thnapthamrong@smakmsniphet็t.net
172958,2,bunpha.inansani@bmt.phiraphenkun.com
569354,2,atta.daoknatai@anguntuantamkat.com
436052,2,nantwan.khiaokhui@chk.chatnpithiangkhamaensan.net
687165,2,kadirat.thonpnatip@bnitat.org.br
743671,2,winchai.thonglap@smakmaemsiri.org
928885,2,chitnnta.tantnachin@yangsuai-tnakunbun.org
325869,2,sinnat.wuttyakon@anguntuantaman.gov.br
330642,2,chutaphon.ulatsa@smakmpansuan.gov.br
923272,2,siriket.thnatrakta@anguntuantamkat.gov
332506,2,nuni.datphan@anguntuantamkat.net
246897,2,chiraphon.nawamandon@smakmtangphao.net.br
489279,2,nntkan.thakoengchot@bnitat.org
957744,2,phitphan.nruephai@bnitat.gov.br
937320,2,anphat.nknthep@chk.thinsatkantang.gov
892231,2,suttiph.yapaloit@bnitat.com.br
220931,2,phasuk.thnatattkam@chk.duttiwnit.com.br
578924,2,witi.santawong@nathadeta-suanong.gov.br
222136,2,sinwat.tantnut@botk.thamstitphtaiาn.gov
386497,2,mattika.pansuan@chk.chatnpithiangkhamphanit.net.br
344699,2,phutt.daoknatai@bnitat.org.br
206553,2,sinikan.thnatrakta@botk.wiangchanthuek.org.br
996317,2,supnunai.naeophna@bnitat.net
738051,2,roscha.daonam@thamstitphtaiาnlaekhamenok.com
661410,2,riwan.tnakunbun@bnitat.org.br
688314,2,muammatimron.khamenok@anguntuantamkat.net.br
482988,2,ulaiphon.temiyadet@chk.thongsin.org
180709,2,ekwit.thikha@bunsonlaethnatrakta.org.br
716435,2,kiantikong.thupawino@chaengsanglaenitisaka.gov.br
655374,2,thitikun.taekun@anguntuantamkat.com
310398,2,aknphon.thnatrop@thnakanduttiwnit.gov
815006,2,phinaiphon.datphan@bnitat.org.br
616707,2,natpn.nueanum@omphikunlaethaptimthai.gov.br
195453,2,chatnpnia.thaemthon@chk.butnachanyon.net
915422,2,phimpnapa.snitaan@anguntuantaman.gov
673649,2,natta.sniun@bnitat.org
392625,2,rosida.bunsong@bnitat.org.br
323570,2,phimpkan.phiraphenkun@bnitat.gov.br
611697,2,chittanan.tangrop@anguntuantamkat.org
968723,2,nattiya.thinsat@bmt.duangthaptim.com
165407,2,nop.chatnpithiangkham@bnitat.org.br
910637,2,nariman.thaichaio@anguntuantaman.org.br
706110,2,yupha.sniun@bnitat.org
209943,2,chanthpha.monthong@munnititnatu.com
636559,2,chinpatta.tuangthong@chmnmthnupkn.com.br
588090,2,natya.tanphao@bnitat.net
659259,2,pinbunya.tantnut@anguntuantamkat.org.br
747672,2,niwat.thnataktn@bnitat.org
223163,2,thinphon.photisat@bnitat.com
851598,2,ptm.tangrop@thnatkanyon-nknthep.gov.br
773879,2,chanthpha.yapha@anguntuantamkat.com.br
277950,2,suttinat.cheninram@bnitat.com
686982,2,natta.sonthong@smakmthikha.com.br
212549,2,yeaorat.thiarayan@nakwong-bunyaphitn.gov.br
679100,2,anthika.thnataoุt@chk.sniwong.gov
423212,2,kundink.thongsukloet@bnitat.com.br
299453,2,ratan.khamenok@thakoengchtklkan.org.br
636095,2,pnapaiphak.nknthep@anguntuantamkat.com
227867,2,latda.nopkhten@bnitat.net
729711,2,kingkaeo.thuansni@tantnutlaebunyaphinm.org
665184,2,sini.nruethuk@bnitat.com
964971,2,phiangkmn.monthong@botk.chaipha.gov.br
698749,2,nuchni.khnanurak@bnitat.net.br
495249,2,phari.nitisaka@bnitat.org.br
837285,2,chutaphon.nutnaeonum@botk.nueanumthentting.net
135880,2,kitiyathon.thanาpot@bnitat.net
724805,2,kantwan.omphikun@smakmnueanum.gov.br
682408,2,wondaphon.thonglap@nimsamruatkantang.com.br
244846,2,pinad.khamlue@botk.techakamphu.com
904475,2,anphat.thin@thnakantangropkotnang.net
770849,2,sunni.numkan@spapnaengnganyeaothonchok.org
315925,2,suphatn.thnatphimpkan@bnitat.gov
205958,2,yupha.tnaibap@bnitat.net
270705,2,noronsnan.thnapthamrong@bnitat.gov.br
223474,2,phatwi.thainim@thaisuchatenteonphair.com
646480,2,sinikan.wiangchanthuek@bmt.khnanurak.gov
729143,2,rosida.sangknt@bnitat.org
601689,2,snaiุt.nakknk@chk.thongthaefoenitoe.org.br
573996,2,amphon.tnikhnuthphan@naendutpomott.gov
500673,2,stina.thuansni@bnitat.com
903443,2,phinaiphon.thongsukloet@anguntuantamkat.net.br
477746,2,li.chatnpithiangkham@mueangsuklaenawamandon.gov.br
922093,2,ratpruek.chamnanwat@khiaokhuilaep.gov
121468,2,phaksupang.thnomphonknang@bnitat.net
475633,2,thitaphon.ditphan@anguntuantamkat.org
725461,2,nnawan.sniun@anguntuantamkat.org
508117,2,sommon.kaeou@bnitat.com
346364,2,phtnpn.nokthong@munnitithonglap.org
840385,2,wondaphon.tanaphat@chk.daonam.gov
496280,2,choengtai.thaemthon@anguntuantamkat.com.br
468478,2,sutawi.omsin@bmt.namtipeyensi.gov
630990,2,suphatn.bindi@anguntuantaman.gov.br
496182,2,siraphon.thnngkomn@naknaenlaethanาpot.com.br
447448,2,natrinthon.daonam@nruethuk-thansetin.com
961104,2,tison.thatnsutti@bnitat.gov.br
140751,2,chaiknang.thongpnadit@anguntuantamkat.com
136555,2,phanthep.thiarayan@chk.thiarayanbnikan.com.br
753675,2,nipa.thinsat@thaptimthaienteonphair.com
221720,2,wnatda.chaipha@botk.pnitakunsentkhompiotoe.gov
588281,2,thanyamat.detkhum@datuphuetpn.gov
369737,2,suphon.temiyadet@chk.tanya.net.br
841848,2,metni.thaemthon@anguntuantaman.org
254301,2,lisa.phnpun@bnitat.gov
699097,2,phasuk.thnapsan@anguntuantamkat.gov
631194,2,titya.thiarayan@chk.thinchioenni.gov.br
889222,2,chiryutt.noptnakun@anguntuantaman.org.br
492283,2,phichaphop.duniphan@smakmbindi.org.br
300584,2,khodiyo.thungngoen@bnitat.gov
598147,2,chilapn.aemsiri@anguntuantaman.com.br
175082,2,kowit.khamenok@anguntuantaman.net
119017,2,masito.nueangnon@yapaloitchioenni.gov
610809,2,kunpnia.tinakhom@bnitat.com
431999,2,phipitthon.thongpnadit@thnakanninsenabatupa.gov
493966,2,chinpatta.tanaphat@thnngkomnfoenitching.gov
372172,2,thatcha.sniun@chk.butda.org.br
126586,2,sinwat.susaro@anguntuantaman.com
971991,2,supaphon.decha@bnitat.net
964723,2,sommon.thumabu@nanainlaethnomphon.org
951430,2,sumatya.nonwitchotikun@bnitat.com
644186,2,anphat.bunatirna@anguntuantaman.com
436301,2,snanchit.naeophnit@smakmtnakunbun.net
408415,2,sinikan.phongchpapnpa@bmt.duangtonthentting.net.br
445581,2,thirisra.natkhayi@bnitat.org
796491,2,pinut.techakamphu@botk.nunsuk.org.br
395610,2,ninant.bindi@bnitat.net
880753,2,chantna.thin@anguntuantamkat.net.br
169398,2,sommon.thongpaknam@bnitat.org.br
458856,2,seni.thnommnut@bnitat.gov.br
865618,2,laktmi.photisat@anguntuantamkat.org.br
868442,2,bunthian.khamlue@bnitat.com
419344,2,phanthep.duniphan@anguntuantaman.org
975242,2,chutaphon.nuanpheng@napnueangnolaebutda.gov.br
981172,2,chatnpnia.bunyaphinm@smakmduttiwnit.org
621408,2,chilapn.tniphenin@anguntuantaman.net.br
651283,2,duangtan.chimphani@chk.khnanurakphapn.gov.br
293953,2,kiantitak.chaowanti@munnitikhiaoon.gov
945128,2,chinpatta.phankena@bnitat.org.br
664356,2,thinwat.detkhum@chk.thansetin.com
200291,2,toha.thongsiphnai@anguntuantamkat.net
153705,2,muammatimron.ditphan@chk.lekaphan.net.br
579380,2,thitiyaphon.nueangnon@bnitat.gov
412117,2,nipa.thidet@bnitat.com
908794,2,netilakt.namsewotr@chk.naksamruat.net.br
794048,2,mliwan.nokthong@tanstit-nonwitchotikun.org
338715,2,sinikan.pnitakunsent@bnitat.gov.br
293799,2,phanuwatn.snisat@bnitat.gov
901689,2,kainrung.datphan@anguntuantamkat.net
149120,2,phatwi.sniun@bnitat.org.br
354978,2,nantwuti.omphikun@anguntuantamkat.com
139061,2,nuni.duangthaptim@thongpaknam-thnomphon.net.br
768706,2,ruetai.khomanknang@chk.nuanpheng.org
244826,2,sopnita.phataskun@bnitat.org.br
596557,2,suphatra.thnatrop@spapnaengngankhamlue.net.br
489901,2,kingkaeo.naeophna@munnitithnataoุt.org
118888,2,yeaorat.loetking@bnitat.net.br
680813,2,phonchnk.naeophnit@bmt.photisatkonkan.com
307710,2,chiraphon.disotnai@tangkunngam-omphikun.org
678895,2,sirinan.yapaloit@bnitat.net
160474,2,suraida.thuwanu@smakmdamrichop.net.br
159628,2,phitsini.yapaloit@bnitat.gov
676538,2,nawin.butda@bnitat.com.br
689864,2,kesra.thnomphonknang@anguntuantamkat.com.br
718667,2,suhaida.bunson@chk.maitaeng.com
505809,2,yothika.dapngoen@anguntuantamkat.net
299889,2,yanphan.namtip@thnakantnakunbunchioenni.org.br
364680,2,phanthep.naksuthin@botk.ninsnuachioenni.net.br
717404,2,wisuta.nimsamruat@anguntuantamkat.gov.br
376363,2,phiangkmn.naksuthin@bnitat.org.br
920004,2,stirin.chapphanthonkur@unok-chumwra.com.br
400105,2,suraida.khiaokhui@anguntuantamkat.com.br
244328,2,phasini.sanaphan@bnitat.net
602894,2,khodiyo.daonam@thongpnaditbnikan.gov.br
366266,2,nopwan.chatnpithiangkham@bnitat.com.br
929261,2,yusonon.aemsiri@daoknataithentting.gov.br
476680,2,suphasin.sanaphan@chmnmtniphenin.gov.br
456894,2,nuwat.chaengsang@dapphetkanka.net
481323,2,phadila.namsewotr@dapngoen-thonglap.gov.br
549211,2,chatnpnia.thaithae@thuansnifoenitoe.gov
150619,2,duangtan.bunatirna@bmt.namthat.org
713014,2,khmkai.nakankn@pansuanbnikan.net
414451,2,phari.chantha@anguntuantamkat.gov
899873,2,winchai.chanon@bnitat.gov.br
960273,2,paenng.thnatrakta@thanathonkonkan.net
294692,2,ruetai.techakamphu@chk.thnatrakta.com
603347,2,nnawan.thawrawon@bnitat.com
123389,2,chantna.thin@anguntuantaman.org
321170,2,pninna.phonsima@bindilaenimsiam.gov.br
209656,2,chenimrat.thongsin@chk.thongnueadi.net.br
841288,2,siththan.thainim@bnitat.gov
619763,2,phimpkan.nathaphintu@bnitat.org
577655,2,yotphon.thuanchai@bnitat.net.br
395546,2,thitiyaphon.khiaoon@botk.kumanbun.net
156843,2,chatnan.thakoengchot@bnitat.net.br
860984,2,wonsat.napnueangno@bnitat.org
623399,2,asuema.duangthaptim@bnitat.gov.br
339333,2,pnaphatn.kaeou@bnitat.net.br
718121,2,phtnpn.thnataoุt@anguntuantamkat.org
988950,2,pnmin.snisat@bnitat.com
833827,2,pnapaiphak.aemsiri@nokthongfoenitching.gov.br
663112,2,siriket.thongnueadi@nakknkuttakam.com
512356,2,theotsak.chantha@bnitat.net.br
562688,2,mattika.nruethuk@bnitat.com.br
825129,2,manot.chumwra@anguntuantamkat.com.br
567169,2,rnta.detkhum@loetkingsโ.net.br
873013,2,stirin.sioะwonwet@botk.thaemthonlaep.com
573816,2,ketra.thaptimthai@munnitinunsuk.com
946215,2,phankena.dapngoen@butnachott.net
212634,2,rntthon.thongu@bmt.tnakunbun.org
557515,2,phonchiin.detkhum@chmnmnawamandon.org.br
669597,2,finya.nimtham@bnitat.com
600375,2,kowit.yapaloit@bnitat.org
450390,2,khemchira.thamthinna@anguntuantamkat.net
368996,2,ptikan.tanaphat@bnitat.com
440399,2,chnita.taekun@buaphueanlaechoinusaeng.gov
632986,2,supknchna.phiraphenkun@smakmthiarayan.net.br
210986,2,thiprda.nawamandon@botk.tangropintoenetannaen.org.br
618975,2,natta.thaithae@phankenalaethikha.net.br
530579,2,pnachin.thnatkanyon@anguntuantamkat.org.br
977652,2,phari.yapaloit@smakmchaowanti.gov
993282,2,chonrpn.yangsuai@anguntuantamkat.com
377424,2,stina.thakoengchot@bnitat.net.br
170363,2,chitchnk.nuanchi@bmt.chaengsangbatupa.gov
339849,2,phlanut.thinsat@munnitithanาpot.org.br
535985,2,thomn.neranuson@botk.chantha.com
379391,2,pnapaiphak.thatnsutti@bnitat.com.br
255372,2,phimpkan.tnakunmairiang@bunatirnasappnai.net.br
166938,2,natnada.thuanthong@spapnaengnganthongthae.gov
624072,2,sinilatda.buaphuean@omsin-chanon.net
966111,2,chinchuta.thiarayan@bnitat.org
223101,2,anchista.ninsnua@bnitat.gov
913733,2,chilapn.thotyotin@anguntuantaman.gov.br
852303,2,phimsuta.nruephai@thnupknphanit.org.br
345430,2,khodiyo.sangknt@anguntuantaman.gov.br
370314,2,thepnani.bunbamnung@bnitat.org
573780,2,la.phnpun@chk.thnommnutwitkan.gov.br
286857,2,anphat.tangrop@ninwanlaeattnat.gov.br
959304,2,kitiyathon.tanstit@satsinlaekhnanurak.com.br
992840,2,onphin.saikit@bnitat.net
457004,2,namphetn.disotnai@naeophna-chaengsang.com
328131,2,asuema.sonthong@bnitat.org
355480,2,phari.noptnakun@bmt.phnpunthentting.org.br
801306,2,anthika.ninwan@smakmbutda.net
767601,2,narda.kaeou@chk.datphanbatupa.net.br
407516,2,chnitta.sonthong@botk.saikit.net.br
231506,2,parita.thaichaio@nruethuklaenakankn.org.br
322361,2,kunpnia.pansuan@bnitat.net
627658,2,sinikan.kaeou@anguntuantaman.net
573138,2,wsita.butda@anguntuantamkat.com
877118,2,chinchuta.thnommnut@bnitat.org.br
324006,2,la.thongsin@nakknkchioenni.gov.br
740152,2,pinut.khanthula@bnitat.net.br
181637,2,mliwan.wuttyakon@thongpaknamlaekhiaokhui.net.br
381532,2,duangtmn.noptnakun@suanong-thongsin.com.br
279621,2,stikan.nuanpheng@bnitat.net.br
443017,2,natta.khnanurak@anguntuantamkat.com.br
159754,2,stina.techakamphu@anguntuantamkat.com
994471,2,phimpkan.tantnachin@anguntuantamkat.gov
639513,2,thiprda.nueanum@thawrawon-phataskun.com.br
417930,2,rakchnk.nakknk@chk.phonsima.com
903832,2,rani.nuanpheng@tinakhom-thampnatu.org.br
638028,2,natpn.sasum@chk.nakknk.org.br
376135,2,natpn.dapngoen@bnitat.org.br
454988,2,mnancha.thonglap@nathadetalaethanthae.com
559828,2,masukian.thungngoen@bnitat.org
468920,2,thaek.thaptimthai@bunyaphitnsโ.com
332978,2,chestapn.ratmni@bnitat.org.br
488418,2,npatrin.nilathat@bnitat.net
579051,2,chitnnta.sioะwonwet@chk.chimphani.com
427751,2,chnongchai.tantnachin@munnitineranuson.gov.br
244596,2,sinsmutn.thainim@bnitat.org.br
347985,2,stina.decha@anguntuantaman.com
248328,2,chilapn.phankena@bnitat.org
667482,2,phkathip.ratmni@botk.tanstit.org.br
266711,2,loetdet.yangsuai@phiraphenkunyann.com
780226,2,anthika.khiaoon@phiayamotoe.gov
445632,2,suraida.thongsukloet@bnitat.com.br
741114,2,phasini.thnngkomn@bmt.dechayann.org
466577,2,masito.nawamandon@phongchpapnpalaekumanbun.org.br
773669,2,suphon.photisat@bnitat.com
552191,2,phonchiin.datu@bnitat.com.br
420175,2,pannwatn.nispnapan@detkhum-sanaphan.org.br
810564,2,wisuta.sangknt@thaptimthailaesuanong.com.br
804276,2,wsita.nimsiam@bnitat.net
853583,2,onchira.thnatrakta@munnitinatkhayi.gov
723240,2,sphakchokng.nuttar@spapnaengnganphataskun.gov.br
260744,2,natya.mueangsuk@bnitat.org
957387,2,suphasin.thnapthamrong@munnitithnomkunputn.net
594507,2,chinchuta.thnomkunputn@thnatphimpkansโ.net
623055,2,nphatn.chatnpithiangkham@chk.thaithae.org.br
436700,2,nnikan.bunyaphat@bnitat.gov
557703,2,nantwan.thanthae@bnitat.net
896305,2,yeaorat.ninahani@bnitat.gov
267393,2,kitiyathon.temiyadet@anguntuantamkat.net.br
195718,2,yothika.thnatdoenkhao@anguntuantaman.gov.br
433329,2,khodiyo.wakhiman@bnitat.gov
721246,2,stirin.tnikhnuthphan@anguntuantamkat.gov.br
179605,2,marini.lekaphan@bnitat.gov
699381,2,metni.chaipha@bmt.thotyotin.com
476689,2,sirinan.susaro@bnitat.org
138233,2,enokphong.tantnut@anguntuantamkat.com.br
846645,2,sommon.nimtham@mueangsukwitkan.org
265456,2,witian.pnitakunsent@bnitat.com.br
873483,2,natta.sanaphan@noptnakunmotoe.org
239097,2,phenyupha.nruephai@bnitat.gov.br
748054,2,titya.nuanpheng@khamenokenchinianing.net.br
166767,2,natta.thnommnut@wathamotoe.com.br
569990,2,nuchni.saikit@bnitat.gov
694172,2,natta.thnupkn@anguntuantamkat.org.br
358395,2,metni.tnakunmairiang@bnitat.gov
918660,2,masita.photisat@bnitat.org.br
749090,2,sirinan.buaphuean@chmnmphnmon.com
716457,2,paenng.thansetin@bindilaetangkunngam.com.br
927782,2,anchista.thanyuk@thnomkunputn-thongsukloet.org
847477,2,phkathip.disotnai@naknaenkanka.org
563355,2,nuchni.dapphet@anguntuantamkat.net.br
569393,2,saisuni.tnakunbun@khiaokhui-thaithae.net
867563,2,paenng.thongsukloet@bnitat.org.br
142900,2,siththan.thumabu@bnitat.gov.br
148192,2,nitnan.thaonratn@bnitat.com.br
438132,2,roscha.buaphuean@bnitat.org
672618,2,wsita.tangrop@thidetmotoe.gov.br
617971,2,watutep.tnakunmairiang@bnitat.gov
352002,2,ketmchai.khamenok@bnitat.com
614171,2,nuchni.thuansni@bnitat.org
625559,2,mnat.tangrop@bnitat.com
979660,2,nnikan.duttiwnit@anguntuantamkat.gov.br
330505,2,ninant.khiaoon@bnitat.net.br
851283,2,ekwit.natkhayi@sn.khnanurakanaiyon.net
255184,2,natnada.buaphuean@anguntuantamkat.net
160915,2,phkat.ninsena@anguntuantamkat.net
927460,2,chitnnta.thnapthamrong@anguntuantaman.net.br
777327,2,duangtan.naksuthin@chk.bunyaphinm.gov
439219,2,phatwuti.thongpaknam@smakmsioะwonwet.gov.br
187176,2,phadila.butnach@chk.thmangrakssat.net.br
628262,2,wankon.snisat@bnitat.org.br
426699,2,onphin.damrichop@bnitat.net.br
447813,2,phutt.winatini@bnitat.org.br
607133,2,phasini.thnatknueng@bnitat.org.br
874810,2,nop.chaitaeng@bnitat.com
302758,2,stina.thatnsutti@bnitat.gov.br
718062,2,natya.tnikhnuthphan@thuanchailaethainim.com
716315,2,nimu.tanya@bnitat.net.br
651477,2,pnatit.thatnsutti@chk.nathaphintu.com
312788,2,kundink.thawrawon@bnitat.gov
665743,2,chatnan.tangrop@bmt.tnakunbun.org.br
773204,2,titya.thongthae@chk.thnapthamrongkantang.com.br
971651,2,thonnon.ngamphitet@ratmnienteonphair.gov.br
481288,2,phipitthon.photisat@bnitat.com
714203,2,ptikan.tanya@bnitat.com
649081,2,wonrnat.mueangsuk@bnitat.net
350626,2,yotphong.sonthong@chk.duangthaptimimpotektpot.net
751098,2,phitsini.sniphet็t@bnitat.net
950657,2,mattika.daonam@chk.phnpunkotnang.net
858447,2,phonpnani.duangton@bnitat.com
987500,2,kiantitak.naksuthin@botk.datphan.org
692832,2,thitiyaphon.thanthae@bnitat.com
173194,2,khanrung.phiraphenkun@bnitat.com
894779,2,chnitta.naendutpom@anguntuantamkat.gov
687807,2,nirut.tantnachin@bnitat.gov.br
275107,2,supnani.nuanpheng@bnitat.com.br
936019,2,nphatn.thmangrakssat@botk.thnomphonknangenchinianing.gov.br
350504,2,asuema.nakwong@anguntuantaman.org
579517,2,thitikun.tanya@snitaankhonsotraktan.net
538525,2,nattiya.mueangsuk@thnakanphankenalaep.org
414734,2,siriket.tnaibap@thnakannaknaenlaep.com.br
717798,2,kainrung.chaengsang@sn.nimthamphanit.com
675956,2,thonrtnchai.thnimmat@bnitat.gov
471666,2,snota.namkham@bnitat.gov
791288,2,kitiyathon.yeaothonchok@bnitat.gov.br
913521,2,piachati.tanphao@chk.tantnutphanit.org.br
769367,2,chettakon.tanya@anguntuantaman.org.br
313970,2,pnawi.thupom@botk.chapphanthonkuryann.gov.br
213812,2,nnikan.phiraphenkun@anguntuantaman.com.br
849975,2,nantikan.ratmni@spapnaengngannamkham.gov.br
824996,2,muammat.omphikun@daoknatailaeduniphan.net.br
656379,2,dink.techakamphu@thawrayut-thidet.net.br
910137,2,phasuk.datphan@inansaniott.org
122878,2,sdis.chapphanthonkur@anguntuantamkat.org.br
147666,2,phanini.tuangthong@bnitat.gov
671141,2,netilakt.disotnai@thnakanpnitakunsent.gov.br
154720,2,kadirat.khomanknang@bunyaphinmlaetantnut.net.br
935974,2,chitnnta.sniwong@bnitat.net.br
443108,2,chutanat.bindi@bnitat.com
394046,2,enokphong.natkhayi@bnitat.net.br
541460,2,thnomchai.bunasap@bnitat.org.br
223147,2,marini.phonsima@anguntuantaman.gov
811811,2,thaptim.tangrop@choinusaengkhonsotraktan.com.br
746042,2,wiput.thnomkunputn@munnititemiyadet.gov
280615,2,kang.thawrawon@chk.thonpnatipaensan.net
600238,2,phatrinit.tanya@tangkunngamchioenni.net.br
167539,2,bunpha.thanาpot@anguntuantamkat.com.br
187663,2,monrat.bindi@bnitat.org
150812,2,thonkit.thongsin@anguntuantaman.org
366461,2,phanuphon.loetking@chk.datphan.net.br
570139,2,mliwan.bunyalai@chk.thnomphonknangthentting.net.br
916170,2,thanykanna.duangton@bnitat.gov
581463,2,pinut.tniphenin@bnitat.gov.br
431996,2,yulin.tantnachin@bnitat.com
190811,2,itrant.lekaphan@bnitat.org
793510,2,pinbunya.nathaphintu@bnitat.org.br
354870,2,kunpnia.thanthae@bnitat.com
604459,2,bunthian.aemsiri@chk.thanาpot.org.br
984791,2,niti.thonglap@thnakannakankn.net
351976,2,phatnnad.nakphan@bnitat.org.br
956565,2,ptikan.sniun@anguntuantaman.org
398569,2,noronsnan.naeophnit@munnitinanain.com
622050,2,sinwat.nuanchi@bmt.thamstitphtaiาnkhompiotoe.gov
656024,2,asuema.saikit@bnitat.gov.br
991848,2,laktnap.thaichaio@bnitat.com.br
772613,2,toha.thawrayut@romthitiratkanka.net.br
370026,2,anchan.thaisuchat@thampnatulaemaitaeng.com.br
674730,2,snan.khamlue@anguntuantamkat.net
709221,2,ekchai.bunyaphat@botk.natkhayi.gov.br
163112,2,thanyamat.namtip@chk.sasumwitkan.com
646026,2,aaeso.taekun@thnatphimpkanlaenathaphintu.gov.br
803265,2,srinya.thmangrakssat@chk.wakhiman.com
940699,2,rangsini.thupom@thatnsuttibnikan.net
212819,2,latda.thongu@chk.nruephaimotoe.net
964228,2,nariman.romthitirat@anguntuantamkat.com.br
963086,2,chnichatn.thanthae@anguntuantamkat.com.br
838307,2,phongnnet.tnakunmairiang@anguntuantamkat.gov.br
579178,2,kunpnia.bunyaphat@bnitat.gov
914481,2,nichaphatn.nakankn@thnakankhomanknang.com.br
196276,2,duangtan.naknp@anguntuantamkat.gov
895771,2,wita.pnatantasen@botk.sasumklkan.org.br
864341,2,rueangkianti.thonglap@anguntuantaman.net.br
709986,2,suphatrida.maitaeng@anguntuantamkat.org
616081,2,suraida.nuanpheng@chk.thongpnadit.com
268388,2,phtnpn.nilathat@smakmchatnpithiangkham.com.br
653121,2,kitiyathon.thnapsan@bnitat.org
496580,2,phonphinai.phataskun@chk.nruethuk.gov.br
881889,2,nattita.naeophnit@bnitat.gov
357244,2,tninut.thammeta@munnitithuansni.net
144874,2,wanya.naeophnit@suanonglaep.gov
861733,2,nai.thainim@neranuson-detkhum.net
801414,2,riwan.thaonratn@anguntuantamkat.org
899938,2,thanykanna.attnat@romthitiratkantang.gov
734063,2,ari.naendutpom@smakmnakwong.gov.br
172360,2,thinlakt.damrichop@bnitat.gov
469842,2,natrinthon.duttiwnit@botk.disotnai.org.br
981928,2,masita.nakwong@bnitat.net
931186,2,smmai.chimphani@bnitat.gov.br
302977,2,supaphon.ninwan@bnitat.net
459663,2,winchai.thmpat@botk.thanyukintoenetannaen.net
400420,2,phenyupha.nilathat@bnitat.gov.br
625850,2,stiya.winatini@bmt.nokthong.gov.br
316278,2,kitikan.tnatu@chk.bunbamnung.org
786455,2,phanini.decha@chk.bunsongkanpanti.org.br
348629,2,duangtmn.dapphet@bnitat.net
466803,2,somphit.thuansni@bnitat.net
411780,2,nuni.naksamruat@anguntuantamkat.com
333779,2,amphon.tnakunmairiang@anguntuantaman.com.br
455163,2,chnichatn.duniphan@bnitat.gov
158358,2,pianan.snisat@dapphetlaetanya.org
802872,2,nattita.tangrop@bnitat.net
417948,2,wanya.naksamruat@bmt.thammeta.gov.br
661493,2,phanppn.ninwimn@chmnmyapha.net.br
822845,2,chatnan.bunson@bnitat.org.br
334416,2,snota.nispnapan@anguntuantamkat.gov.br
326162,2,chitnnta.wakhiman@anguntuantamkat.net.br
692641,2,kunchett.kumanbun@bnitat.net.br
714780,2,phtn.pansuan@nopkhtenlaenatkhayi.net.br
594561,2,aaeso.twanyiam@thungngoenkanka.net
328361,2,phanppn.thnatrop@munnitinilathat.org
248496,2,phadila.nimsamruat@smakmthungngoen.org
599779,2,khnpn.thikha@pnatantasen-bindi.org
967069,2,yanphan.butda@bnitat.com
177755,2,phanppn.nakknk@anguntuantamkat.org.br
993460,2,wonrnat.thaenthong@bnitat.net
946452,2,thonnon.tangkunngam@botk.snithnawet.org
345468,2,utmlakt.thnupkn@bnitat.gov
334756,2,mai.ditphan@thnakanthuansni.org
846907,2,latda.nuanpheng@anguntuantaman.org.br
183117,2,suraida.neranuson@duttiwnitkhntng.net.br
665988,2,amphon.tuangthong@smakmthmangrakssat.gov.br
582716,2,wanchnk.bunyalai@anguntuantaman.gov.br
579822,2,witi.thaptimthai@bnitat.gov
998119,2,bunkoet.phankena@bnitat.com
420450,2,naoีta.phiraphenkun@maitaengwitkan.org.br
314702,2,khemchira.thnatdoenkhao@bnitat.net.br
425160,2,phtn.tnikhnuthphan@anguntuantamkat.org.br
914253,2,thiprda.naeophnit@anguntuantaman.com
788788,2,metni.thnataoุt@khundamuttakam.com.br
300186,2,kantwan.twanyiam@bnitat.gov.br
506303,2,sopa.thaonratn@loetking-thnataktn.org
120471,2,nantwan.kaeochonkhnam@bnitat.org
858931,2,khamman.bunasap@smakmbunyaphinm.net
318448,2,thongsini.naeophna@chanonkhonsotraktan.org
466860,2,ari.ratmni@bnitat.net.br
957339,2,siriket.thnataoุt@bnitat.org
437829,2,phitphan.thanathon@bnitat.org.br
549092,2,piwa.nakankn@bnitat.gov.br
908023,2,bunthian.thampnatu@bnitat.com.br
584437,2,winchai.romthitirat@chmnmtnakunbun.net
201911,2,pphaorin.chaipha@chk.attnat.org.br
554123,2,phimsuta.snithnawet@anguntuantamkat.org
443145,2,phimsuta.nueanum@anguntuantamkat.net
588871,2,thnawit.bunyaphitn@bnitat.net
449033,2,phutt.thaonratn@chk.datueyensi.com
358678,2,bunthioา.thnapthamrong@bnitat.net.br
958035,2,suraida.damrichop@botk.thamthinna.gov.br
249747,2,wnani.sonthong@songpnatenitenteonphair.gov.br
835631,2,amphon.nathaphintu@anguntuantamkat.com.br
147640,2,rani.thuansni@bnitat.gov.br
542798,2,kadirat.sanaphan@chk.khiaoonlaephuean.net.br
753970,2,atta.sniun@bnitat.com
463431,2,phadila.thnomkunputn@thnataoุtsโ.gov.br
956312,2,stitn.watha@anguntuantamkat.net.br
322728,2,chlida.nemni@bnitat.gov
362393,2,nichaphatn.dapphet@anguntuantamkat.com
211068,2,knknetn.kumanbun@chk.thanathon.net.br
240626,2,wanchnk.phankena@bnitat.org.br
775527,2,thitaphon.thonpnatip@thaenthongfoenitching.org.br
127518,2,kenikphon.chimphani@bnitat.org
637680,2,netilakt.naknp@bnitat.net.br
328781,2,parita.namsewotr@anguntuantamkat.net
352921,2,kham.ninwimn@anguntuantamkat.net
461777,2,phenphata.daoknatai@bnitat.org
733773,2,suphatra.naendutpom@botk.nruephai.com.br
202626,2,nariman.tangrop@bnitat.gov.br
397492,2,supaphon.mueangsuk@anguntuantaman.com.br
725222,2,phuttiphong.dapngoen@bnitat.com.br
276226,2,somphit.thongsukloet@bnitat.gov.br
233190,2,chinchuta.thungngoen@bnitat.com
973913,2,nitnan.thin@bnitat.net.br
308629,2,hanafi.noptnakun@bnitat.org
366197,2,chitnnta.tanstit@bnitat.org
360844,2,srinya.ninsena@chk.tangphao.com.br
473375,2,nattpn.thnatphata@chk.sangkntaensan.gov
127459,2,nattiya.lekaphan@botk.dechaott.com
197670,2,intni.datphan@chk.natkhayi.org.br
307703,2,wanya.ninsuwan@chk.daonam.gov.br
820866,2,wnatda.thnomphon@techakamphusโ.net
573959,2,pibutn.naknaen@botk.sanaphan.net.br
368687,2,phasuk.duangthaptim@chmnmtemiyadet.gov.br
884626,2,piachati.chimphani@nawamandonkhompiotoe.org.br
263987,2,daruni.nimtham@bnitat.net
286727,2,sinilatda.tinrat@anguntuantamkat.gov
985139,2,thinphon.nknthep@bmt.thongubnikan.com.br
734675,2,nantwuti.thmpat@smakmnilathat.gov
262378,2,chiraphon.thnataktn@temiyadetmotoe.net
325524,2,nuni.chaengsang@munnitibunbamnung.gov.br
382537,2,ektiphong.duangthaptim@bmt.choinusaengeyensi.org.br
855693,2,mattika.tnakunmairiang@thnakanthamnim.gov.br
977154,2,kham.namsewotr@thanathonchioenni.net
968661,2,nawin.twanyiam@botk.nanain.com
566015,2,natsak.thnimmat@anguntuantamkat.org
947181,2,chittanan.decha@anguntuantamkat.org.br
404662,2,phinphat.ditkapnakai@bnitat.net.br
832532,2,phlanut.datu@anguntuantamkat.com.br
910476,2,sanchai.nispnapan@bnitat.net
701712,2,thitiyaphon.thakoengchot@bnitat.gov.br
427771,2,anchista.tantnut@bnitat.gov
167200,2,snanchit.tangphao@anguntuantamkat.gov
584574,2,chittanan.nuttar@chk.thnataoุt.net
951221,2,sirinan.thonglap@bnitat.org
423676,2,stitn.romthitirat@chk.tanstitkotnang.org
929488,2,wanya.thuanchai@bnitat.gov
553112,2,wiput.yapaloit@botk.thamnimfoenitching.net.br
756465,2,winchai.thaemthon@anguntuantaman.com.br
857796,2,punonrat.chumwra@snitaankhompiotoe.gov.br
373609,2,monrat.thnimmat@bnitat.gov.br
713908,2,ynngknan.nakwong@bnitat.com.br
805445,2,rangsini.nknthep@naknaenphapn.com
243584,2,phimphitna.sioะwonwet@smakmnaknaen.gov.br
386445,2,nattpn.khiaoon@numkanlaephnmon.com
556817,2,srayutt.namthat@bnitat.net.br
785975,2,pinad.thongnueadi@chk.kumanbun.org.br
211589,2,hafit.thakoengchot@chk.thanathonkhntng.gov
783454,2,phanuwatn.thupom@bnitat.org
870753,2,siraphon.thuwanu@thupomkanpanti.gov
255589,2,phtungphon.namthat@anguntuantamkat.com
251506,2,snanchit.chanon@bnitat.gov
737574,2,phenphata.chaipha@bnitat.org.br
773997,2,rnta.chaitaeng@botk.thaisuchat.net.br
847249,2,thipwani.daonam@anguntuantaman.net
253554,2,kantwan.chamnanwat@sn.nimsamruatlaebutn.net.br
205753,2,sunnai.tantnut@smakmphiraphenkun.com.br
791043,2,masito.ditkapnakai@smakmthnatrop.org
578488,2,ekchai.thaisuchat@thaithaelaechoinusaeng.net
603571,2,chamnat.phataskun@bnitat.com.br
660198,2,thimaphon.nakankn@bnitat.gov
155174,2,chitchnk.nueanum@anguntuantaman.com
707354,2,wanrat.tnatu@anguntuantamkat.net.br
283718,2,yusonon.unok@bnitat.org
591194,2,chnitta.ditkapnakai@anguntuantamkat.com
645589,2,witian.omphikun@thonpnatiplaetantnachin.com.br
218307,2,wanya.attnat@bnitat.net
136375,2,pinad.thnatkanyon@bnitat.net
860009,2,srinya.unok@bnitat.net.br
240519,2,phanini.thakoengchot@anguntuantamkat.org.br
967410,2,suphatra.sanaphan@bnitat.gov
347492,2,kunpnia.thainim@anguntuantamkat.com.br
638505,2,farini.winatini@bnitat.org
204985,2,ratpruek.naksamruat@thongpaknam-ninwimn.com
805310,2,nuni.tuangthong@bmt.wiangchanthuek.org.br
629629,2,phenyupha.thungngoen@botk.nakanknlaep.com
970739,2,ampai.namtip@anguntuantamkat.org
590626,2,chetthnakon.chumwra@chk.snitaan.org.br
719952,2,phumipanna.yangsuai@smakmdatu.gov
705283,2,stina.thainim@bnitat.com.br
639496,2,sunkan.kaeochonkhnam@chk.nakknkeyensi.net.br
763783,2,chnitta.monthong@bnitat.com.br
283989,2,kang.bunbamnung@anguntuantamkat.com.br
939003,2,chantna.temiyadet@chk.buaphueanwituakam.com
690737,2,anphat.nakphan@bnitat.com.br
476356,2,mliwan.susaro@chk.susaroklkan.com.br
514647,2,pinad.nuttar@botk.duangton.org.br
308426,2,rokiyo.twanyiam@thnatraktakhommioniketan.gov
618825,2,phitsini.naksamruat@bnitat.com.br
348902,2,suphatrida.thnatkankian@บริษัท.gov
616991,2,witian.khundam@thnomkunputnmotoe.gov
582612,2,wisuta.omphikun@dapngoenanaiyon.gov.br
876384,2,an.numkan@anguntuantamkat.com.br
839534,2,naoีta.thaichaio@bnitat.com
710266,2,chiraphon.tuangthong@anguntuantaman.com.br
611054,2,khomkrit.thnataktn@nimsiamlaephuean.com.br
213035,2,chonrpn.khiaokhui@anguntuantamkat.com
916934,2,piwti.thuansni@bnitat.org.br
584148,2,rosida.thanาpot@bmt.thnatphimpkan.com.br
694333,2,enokphong.mueangsuk@anguntuantamkat.org
977425,2,thana.khiaokhui@wakhimanlaeyapaloit.org.br
986090,2,rttkn.omphikun@bnitat.gov
652569,2,phari.tinrat@bnitat.com
753530,2,wanchnachai.watha@bnitat.com
589560,2,bunek.bunatirna@chk.chamnanwat.org.br
643025,2,pnapaiphak.nitisaka@bnitat.net
817033,2,thipwani.khamenok@anguntuantaman.com.br
669781,2,khmtan.thuwanu@bnitat.gov.br
470025,2,thirathat.datphan@chamnanwatphuetpn.net.br
113758,2,bunkoet.ditphan@thatnsuttilaebuaphuean.gov.br
269061,2,aphatra.techakamphu@bnitat.net.br
654501,2,witian.watha@bnitat.gov.br
561721,2,chnita.ninahani@bnitat.org.br
738231,2,thitwanา.chanon@chk.tinakhomkantang.com.br
638619,2,chatcha.chaipha@bnitat.gov.br
731129,2,chiraphon.khamenok@phnpun-nathaphintu.org.br
620719,2,khomkrit.natkhayi@disotnai-thnimmat.com
582150,2,phimsuta.twanyiam@anguntuantamkat.com
752669,2,bunthian.maitaeng@bmt.tniphenin.gov.br
201901,2,rosida.tinrat@bnitat.com
821477,2,phinaiphon.duangthaptim@chmnmnaknp.com.br
253674,2,duangtmn.thainim@anguntuantamkat.org.br
494631,2,chinpatta.winatini@duniphanenteonphair.gov
636573,2,phinphat.thmpat@smakmnopkhten.gov
990829,2,wisuta.unok@munnitibuaphuean.net.br
118311,2,suphasin.naeophna@spapnaengnganphnpun.com
462544,2,rakchnk.phnpun@thnakannruethuk.org.br
636960,2,kham.nakknk@chmnmsongpnatenit.org
340632,2,wannisa.phankena@sn.datukantang.net.br
683875,2,bunthioา.thampnatu@bnitat.gov.br
796892,2,anphat.choinusaeng@anguntuantamkat.gov
923047,2,thaek.thongu@anguntuantamkat.org.br
777766,2,chaiphop.naendutpom@munnitidatphan.org
580725,2,bunek.sanaphan@bnitat.net.br
201906,2,wonrnat.sniphet็t@chk.khnanurakuttakam.net.br
328706,2,nariman.unok@anguntuantaman.org.br
912142,2,thipwani.nruethuk@chk.nopkhtenkantang.gov.br
401764,2,ekchai.nanain@maitaeng-snithnawet.org
716957,2,sinnat.thongsin@bnitat.org.br
772076,2,mattika.namsewotr@neranuson-thaisuchat.net
643899,2,anphat.kumanbun@chmnmnokthong.com
754730,2,natrun.thampnatu@yangsuai-inansani.org
938299,2,daruni.nakankn@munnitidapphet.gov.br
140868,2,winchai.nueanum@anguntuantamkat.net.br
162817,2,riwan.thuwanu@bnitat.com
359402,2,chinwit.thupawino@bmt.bunyaphitnsoeit.org.br
836969,2,nuni.tangphao@bnitat.gov
665300,2,tison.nanain@munnitithnupkn.gov
799725,2,phimsuta.thongnueadi@bnitat.com.br
579168,2,nntkan.sanaphan@bnitat.net
667074,2,nawin.thumabu@anguntuantamkat.gov
467308,2,thomlopronn.chaengsang@bnitat.org
307657,2,wankon.bunasap@chk.chumwra.com.br
881050,2,rakchnk.tuangthong@anguntuantaman.com.br
393584,2,stina.nunsuk@munnitinamtip.gov.br
308087,2,phasuk.tnaibap@anguntuantamkat.net
759265,2,thitaphon.tnikhnuthphan@smakmnapnueangno.com.br
611297,2,toha.thnatphimpkan@bnitat.gov.br
244424,2,chilapn.thongnueadi@bnitat.org.br
548730,2,choengtai.napnueangno@bunyalaikantang.net.br
571508,2,kitiyathon.tnakunbun@thmangrakssat-nathadeta.org
442745,2,anthika.datu@bnitat.org
851404,2,sommon.thnatkankian@naeophnit-sniwong.gov
704460,2,sunnai.thaithae@bnitat.gov
727075,2,nantikan.santawong@smakmdapngoen.net.br
262439,2,phankena.thongu@chk.thaptimthaiuttakam.org
742676,2,channanunai.yangsuai@thnataoุtlaenathadeta.com.br
243403,2,pnaphatn.nokthong@bnitat.net
892140,2,sirinan.dapphet@bnitat.com
830084,2,khemchira.duangthaptim@botk.monthongfoenitching.gov
855329,2,smtai.monthong@bnitat.com
259287,2,thipwani.thnngkomn@bnitat.gov.br
673912,2,kitichai.thidet@chk.kaeou.com
909409,2,suttinat.nispnapan@bnitat.com.br
255792,2,yotphon.chaengsang@bnitat.org.br
432991,2,phonphumi.bunson@chk.tinratkotnang.com.br
965981,2,chenimrat.thnomphonknang@thnakanphuphaktieyensi.org
464392,2,srinya.ditkapnakai@thnakantwanyiamphanit.gov
951184,2,thitiwuti.dapngoen@bnitat.org.br
356634,2,pinut.nknthep@botk.naeophnakhompiotoe.com
669175,2,phonphumi.tinrat@thatnsuttiphapn.org.br
642044,2,chaknphan.thaemthon@bnitat.com.br
183207,2,khampnio.bunatirna@bnitat.org.br
925370,2,thinwat.romthitirat@anguntuantamkat.gov
422251,2,nuwat.bunyaphitn@anguntuantamkat.net
242064,2,yotphong.ninsena@chk.phataskunphuetpn.com.br
943725,2,rpatphong.neranuson@bmt.thaichaiokhompiotoe.com
468283,2,nattita.nathaphintu@bnitat.com.br
788057,2,siraphon.phongchpapnpa@anguntuantaman.org.br
949011,2,khanrung.santawong@bnitat.net
114365,2,ynngknan.ngamphitet@anguntuantamkat.org
677007,2,yusup.naknp@nakanknlaenaksuthin.com.br
679238,2,onchira.mingkan@anguntuantamkat.org.br
316454,2,chantna.naksamruat@thonpnatipsoeit.com
457695,2,thongsini.thuanchai@bmt.dechaphuetpn.net
243075,2,supaphon.nimsamruat@nimsiamsoeit.com
675994,2,yothika.thnapthamrong@bnitat.gov.br
267847,2,suthokr.sangknt@duttiwnitanaiyon.gov.br
579718,2,chitchnk.nemni@suanngklkan.org
317552,2,thiamsak.napnueangno@spapnaengngantnakunmairiang.net
946284,2,latda.noptnakun@anguntuantamkat.com
613040,2,chonrpn.sonthong@bnitat.net
296107,2,thnomchai.naeophna@bnitat.net
721147,2,duangphon.tangphao@thnomphonknang-tantnut.com.br
537863,2,tison.bunsong@bnitat.com.br
507537,2,rnta.tanya@anguntuantamkat.net
503733,2,thepnani.watha@anguntuantaman.net
336158,2,wsita.saikit@anguntuantamkat.com.br
314919,2,snanchit.disotnai@chk.thotyotin.net
131820,2,rosida.namkham@munnitininsnua.gov.br
750782,2,nphatn.thaptimthai@bmt.thnimmat.com.br
770681,2,thitwanา.bunyaphat@bnitat.gov.br
757906,2,rokiyo.susaro@chk.nruethuk.gov
881247,2,phenyupha.phiraphenkun@thnapthamrongknup.com
435354,2,phimsuta.ninsuwan@anguntuantaman.net.br
130897,2,sopa.duniphan@bnitat.net.br
402912,2,nnawan.nknthep@bindieyensi.net.br
993622,2,supnunai.tangrop@chk.yangsuai.net
404454,2,ampai.wiangchanthuek@chmnmbunatirna.net
410362,2,npatrin.thmangrakssat@butda-tinrat.com.br
560187,2,yeaorat.santawong@bnitat.net.br
807448,3,0 3972 8375
243189,3,0 861 091 844
245989,3,0801901418
598202,3,046452765
133334,3,02 359 3224
622439,3,0 5733 5575
133281,3,024965343
381922,3,080-963-3239
895062,3,051 982801
944543,3,036022674
418591,3,0821300855
881054,3,021124639
643370,3,+665 827 0061
672878,3,0629695229
222136,3,+66 655 982 135
915422,3,+66 2200 6640
706110,3,+667 203 5060
646480,3,027 637421
500673,3,0991065505
477746,3,0985732367
419344,3,03 921 9987
981172,3,026944768
159628,3,0 7137 1555
440399,3,+665 402 6220
377424,3,066-426-9478
959304,3,0607683319
740152,3,0 5567 1401
638028,3,0-5027-5753
376135,3,075-644741
853583,3,+66 834 125 551
557703,3,063-478-4004
166767,3,038-074431
847477,3,064-407-3038
672618,3,059-512925
302758,3,+665 004 1040
313970,3,0 626 062 208
910137,3,052-284989
431996,3,092-710-8882
370026,3,094-344-9465
212819,3,0 801 363 348
466803,3,+667 960 0336
946452,3,044 408432
846907,3,0967913561
582716,3,037332618
318448,3,+66 (0) 2890 0052
554123,3,076-086161
775527,3,065 644 8716
127459,3,047366296
373609,3,+66 3810 4948
785975,3,081-886-8133
251506,3,0 936 795 610
967410,3,+662 090 3549
638619,3,04 569 5591
683875,3,029572568
464392,3,045 159385
422251,3,+66 (0) 4343 7745
435354,3,+66 876 700 447
404454,3,04 369 5984
807448,4,sini.thnomkunputn@linkin.com
477099,4,rokiyo.twanyiam@linkin.com
800302,4,opat.naeophna@linkin.com
762974,4,amphon.photisat@linkin.com
218570,4,paenng.ratmni@linkin.com
182363,4,wonrnat.ulatsa@linkin.com
245989,4,konphon.datphan@linkin.com
162851,4,thitaphon.khiaoon@linkin.com
622439,4,intni.bunyalai@linkin.com
133281,4,anchista.khamlue@linkin.com
689667,4,phonchnk.nimtham@linkin.com
381922,4,ulaiphon.yangsuai@linkin.com
895062,4,kitiyathon.thatnsutti@linkin.com
944543,4,suphatrida.nuttar@linkin.com
418591,4,sunni.natkhayi@linkin.com
718042,4,phongnnet.ninsena@linkin.com
622867,4,suttiph.thnomphon@linkin.com
881054,4,thirisra.noptnakun@linkin.com
204411,4,chestapn.thnommnut@linkin.com
851420,4,siriya.phongchpapnpa@linkin.com
639175,4,natya.duniphan@linkin.com
923272,4,siriket.thnatrakta@linkin.com
489279,4,nntkan.thakoengchot@linkin.com
688314,4,muammatimron.khamenok@linkin.com
655374,4,thitikun.taekun@linkin.com
706110,4,yupha.sniun@linkin.com
223163,4,thinphon.photisat@linkin.com
423212,4,kundink.thongsukloet@linkin.com
646480,4,sinikan.wiangchanthuek@linkin.com
496182,4,siraphon.thnngkomn@linkin.com
961104,4,tison.thatnsutti@linkin.com
753675,4,nipa.thinsat@linkin.com
419344,4,phanthep.duniphan@linkin.com
981172,4,chatnpnia.bunyaphinm@linkin.com
159628,4,phitsini.yapaloit@linkin.com
299889,4,yanphan.namtip@linkin.com
321170,4,pninna.phonsima@linkin.com
669597,4,finya.nimtham@linkin.com
377424,4,stina.thakoengchot@linkin.com
852303,4,phimsuta.nruephai@linkin.com
286857,4,anphat.tangrop@linkin.com
959304,4,kitiyathon.tanstit@linkin.com
740152,4,pinut.khanthula@linkin.com
903832,4,rani.nuanpheng@linkin.com
638028,4,natpn.sasum@linkin.com
773669,4,suphon.photisat@linkin.com
853583,4,onchira.thnatrakta@linkin.com
594507,4,chinchuta.thnomkunputn@linkin.com
557703,4,nantwan.thanthae@linkin.com
148192,4,nitnan.thaonratn@linkin.com
672618,4,wsita.tangrop@linkin.com
979660,4,nnikan.duttiwnit@linkin.com
160915,4,phkat.ninsena@linkin.com
302758,4,stina.thatnsutti@linkin.com
751098,4,phitsini.sniphet็t@linkin.com
414734,4,siriket.tnaibap@linkin.com
313970,4,pnawi.thupom@linkin.com
394046,4,enokphong.natkhayi@linkin.com
150812,4,thonkit.thongsin@linkin.com
366461,4,phanuphon.loetking@linkin.com
431996,4,yulin.tantnachin@linkin.com
370026,4,anchan.thaisuchat@linkin.com
212819,4,latda.thongu@linkin.com
861733,4,nai.thainim@linkin.com
348629,4,duangtmn.dapphet@linkin.com
466803,4,somphit.thuansni@linkin.com
411780,4,nuni.naksamruat@linkin.com
345468,4,utmlakt.thnupkn@linkin.com
582716,4,wanchnk.bunyalai@linkin.com
120471,4,nantwan.kaeochonkhnam@linkin.com
318448,4,thongsini.naeophna@linkin.com
554123,4,phimsuta.snithnawet@linkin.com
775527,4,thitaphon.thonpnatip@linkin.com
127459,4,nattiya.lekaphan@linkin.com
262378,4,chiraphon.thnataktn@linkin.com
373609,4,monrat.thnimmat@linkin.com
713908,4,ynngknan.nakwong@linkin.com
785975,4,pinad.thongnueadi@linkin.com
967410,4,suphatra.sanaphan@linkin.com
690737,4,anphat.nakphan@linkin.com
638619,4,chatcha.chaipha@linkin.com
636573,4,phinphat.thmpat@linkin.com
742676,4,channanunai.yangsuai@linkin.com
464392,4,srinya.ditkapnakai@linkin.com
422251,4,nuwat.bunyaphitn@linkin.com
613040,4,chonrpn.sonthong@linkin.com
435354,4,phimsuta.ninsuwan@linkin.com
807448,5,sini.thnomkunputn@gmail.com
673757,5,nopwan.sniun@gmail.com
477099,5,rokiyo@gmail.com
754430,5,phanthep.tanya@gmail.com
658740,5,niwiltan.thanathon@gmail.com
225855,5,chutanat.naeophna@gmail.com
780660,5,rmita.phiraphenkun@gmail.com
866909,5,hamiya.damrichop@gmail.com
791038,5,winchai.thnapthamrong@gmail.com
168428,5,pnatit.tanphao@gmail.com
762974,5,amphon.photisat@gmail.com
328594,5,ahamat@gmail.com
218570,5,paenng@gmail.com
182363,5,wonrnat.ulatsa@gmail.com
243189,5,sommon@gmail.com
363646,5,phtaiิt.naksuthin@gmail.com
625212,5,latda.ninwan@gmail.com
167146,5,thinlakt.photisat@gmail.com
692518,5,khiao.maitaeng@gmail.com
598202,5,smtai@gmail.com
162851,5,thitaphon@gmail.com
540525,5,sopn.chamnanwat@gmail.com
742017,5,yusonon.naknp@gmail.com
622439,5,intni.bunyalai@gmail.com
197389,5,pianan.kaeochonkhnam@gmail.com
655930,5,kiantikong@gmail.com
133281,5,anchista.khamlue@gmail.com
213875,5,duangtan.thampnatu@gmail.com
382692,5,nuni.mueangsuk@gmail.com
764538,5,thimaphon.omphikun@gmail.com
381922,5,ulaiphon.yangsuai@gmail.com
571468,5,chim.thnomphon@gmail.com
895062,5,kitiyathon.thatnsutti@gmail.com
436768,5,phimsuta.thamstitphtaiาn@gmail.com
944543,5,suphatrida.nuttar@gmail.com
418591,5,sunni.natkhayi@gmail.com
560738,5,thantaan.thongsukloet@gmail.com
674228,5,nantwuti.phiraphenkun@gmail.com
112094,5,chnongchai.naknp@gmail.com
159964,5,anthika.thongthae@gmail.com
622867,5,suttiph@gmail.com
899879,5,phntuaan.thnatphimpkan@gmail.com
881054,5,thirisra.noptnakun@gmail.com
643370,5,latda.sonthong@gmail.com
426300,5,thaptim@gmail.com
204411,5,chestapn.thnommnut@gmail.com
672878,5,thonphon.namthat@gmail.com
639175,5,natya.duniphan@gmail.com
168945,5,witan.nanain@gmail.com
875330,5,kang.nilathat@gmail.com
928885,5,chitnnta.tantnachin@gmail.com
923272,5,siriket@gmail.com
332506,5,nuni.datphan@gmail.com
937320,5,anphat.nknthep@gmail.com
222136,5,sinwat.tantnut@gmail.com
996317,5,supnunai.naeophna@gmail.com
738051,5,roscha.daonam@gmail.com
688314,5,muammatimron.khamenok@gmail.com
655374,5,thitikun@gmail.com
310398,5,aknphon.thnatrop@gmail.com
915422,5,phimpnapa@gmail.com
706110,5,yupha.sniun@gmail.com
209943,5,chanthpha.monthong@gmail.com
747672,5,niwat.thnataktn@gmail.com
223163,5,thinphon.photisat@gmail.com
851598,5,ptm.tangrop@gmail.com
244846,5,pinad.khamlue@gmail.com
270705,5,noronsnan.thnapthamrong@gmail.com
646480,5,sinikan.wiangchanthuek@gmail.com
500673,5,stina.thuansni@gmail.com
903443,5,phinaiphon.thongsukloet@gmail.com
477746,5,li@gmail.com
496182,5,siraphon@gmail.com
961104,5,tison.thatnsutti@gmail.com
588281,5,thanyamat.detkhum@gmail.com
419344,5,phanthep.duniphan@gmail.com
981172,5,chatnpnia@gmail.com
794048,5,mliwan.nokthong@gmail.com
354978,5,nantwuti.omphikun@gmail.com
159628,5,phitsini.yapaloit@gmail.com
414451,5,phari.chantha@gmail.com
321170,5,pninna.phonsima@gmail.com
718121,5,phtnpn@gmail.com
825129,5,manot@gmail.com
873013,5,stirin.sioะwonwet@gmail.com
573816,5,ketra.thaptimthai@gmail.com
669597,5,finya@gmail.com
368996,5,ptikan.tanaphat@gmail.com
440399,5,chnita.taekun@gmail.com
618975,5,natta.thaithae@gmail.com
993282,5,chonrpn.yangsuai@gmail.com
377424,5,stina@gmail.com
255372,5,phimpkan.tnakunmairiang@gmail.com
223101,5,anchista.ninsnua@gmail.com
852303,5,phimsuta@gmail.com
345430,5,khodiyo@gmail.com
286857,5,anphat.tangrop@gmail.com
457004,5,namphetn.disotnai@gmail.com
328131,5,asuema.sonthong@gmail.com
767601,5,narda.kaeou@gmail.com
407516,5,chnitta.sonthong@gmail.com
181637,5,mliwan.wuttyakon@gmail.com
638028,5,natpn.sasum@gmail.com
376135,5,natpn.dapngoen@gmail.com
667482,5,phkathip.ratmni@gmail.com
773669,5,suphon.photisat@gmail.com
853583,5,onchira.thnatrakta@gmail.com
594507,5,chinchuta@gmail.com
623055,5,nphatn.chatnpithiangkham@gmail.com
557703,5,nantwan.thanthae@gmail.com
358395,5,metni.tnakunmairiang@gmail.com
847477,5,phkathip.disotnai@gmail.com
979660,5,nnikan.duttiwnit@gmail.com
160915,5,phkat.ninsena@gmail.com
187176,5,phadila@gmail.com
607133,5,phasini.thnatknueng@gmail.com
716315,5,nimu.tanya@gmail.com
665743,5,chatnan.tangrop@gmail.com
414734,5,siriket.tnaibap@gmail.com
313970,5,pnawi.thupom@gmail.com
147666,5,phanini.tuangthong@gmail.com
671141,5,netilakt@gmail.com
935974,5,chitnnta.sniwong@gmail.com
443108,5,chutanat.bindi@gmail.com
394046,5,enokphong@gmail.com
811811,5,thaptim@gmail.com
150812,5,thonkit@gmail.com
366461,5,phanuphon.loetking@gmail.com
431996,5,yulin.tantnachin@gmail.com
351976,5,phatnnad.nakphan@gmail.com
622050,5,sinwat@gmail.com
370026,5,anchan.thaisuchat@gmail.com
940699,5,rangsini.thupom@gmail.com
212819,5,latda.thongu@gmail.com
963086,5,chnichatn.thanthae@gmail.com
861733,5,nai.thainim@gmail.com
348629,5,duangtmn.dapphet@gmail.com
411780,5,nuni@gmail.com
158358,5,pianan.snisat@gmail.com
802872,5,nattita.tangrop@gmail.com
714780,5,phtn.pansuan@gmail.com
946452,5,thonnon@gmail.com
345468,5,utmlakt.thnupkn@gmail.com
334756,5,mai.ditphan@gmail.com
846907,5,latda.nuanpheng@gmail.com
582716,5,wanchnk@gmail.com
998119,5,bunkoet.phankena@gmail.com
120471,5,nantwan.kaeochonkhnam@gmail.com
318448,5,thongsini@gmail.com
437829,5,phitphan.thanathon@gmail.com
554123,5,phimsuta@gmail.com
775527,5,thitaphon@gmail.com
202626,5,nariman.tangrop@gmail.com
973913,5,nitnan.thin@gmail.com
307703,5,wanya@gmail.com
884626,5,piachati.chimphani@gmail.com
262378,5,chiraphon.thnataktn@gmail.com
855693,5,mattika.tnakunmairiang@gmail.com
373609,5,monrat.thnimmat@gmail.com
713908,5,ynngknan.nakwong@gmail.com
785975,5,pinad.thongnueadi@gmail.com
603571,5,chamnat.phataskun@gmail.com
707354,5,wanrat.tnatu@gmail.com
591194,5,chnitta.ditkapnakai@gmail.com
240519,5,phanini.thakoengchot@gmail.com
967410,5,suphatra@gmail.com
805310,5,nuni.tuangthong@gmail.com
763783,5,chnitta.monthong@gmail.com
283989,5,kang.bunbamnung@gmail.com
690737,5,anphat@gmail.com
582612,5,wisuta.omphikun@gmail.com
710266,5,chiraphon.tuangthong@gmail.com
636573,5,phinphat@gmail.com
340632,5,wannisa.phankena@gmail.com
683875,5,bunthioา@gmail.com
923047,5,thaek.thongu@gmail.com
244424,5,chilapn.thongnueadi@gmail.com
727075,5,nantikan.santawong@gmail.com
742676,5,channanunai@gmail.com
855329,5,smtai.monthong@gmail.com
432991,5,phonphumi.bunson@gmail.com
464392,5,srinya.ditkapnakai@gmail.com
422251,5,nuwat.bunyaphitn@gmail.com
468283,5,nattita.nathaphintu@gmail.com
949011,5,khanrung.santawong@gmail.com
679238,5,onchira.mingkan@gmail.com
613040,5,chonrpn.sonthong@gmail.com
435354,5,phimsuta.ninsuwan@gmail.com
404454,5,ampai@gmail.com
560187,5,yeaorat.santawong@gmail.com
